{
  "project_info": {
    "project_number": "132868082382",
    "firebase_url": "https://demnguocthpt.firebaseio.com",
    "project_id": "demnguocthpt",
    "storage_bucket": "demnguocthpt.appspot.com"
  },
  "client": [
    {
      "client_info": {
        "mobilesdk_app_id": "1:132868082382:android:a2c6feab767f722e",
        "android_client_info": {
          "package_name": "com.lencostudio.dew"
        }
      },
      "oauth_client": [
        {
          "client_id": "132868082382-be5qqg4qed0jmne55fa9gmlgemvvf2dp.apps.googleusercontent.com",
          "client_type": 3
        }
      ],
      "api_key": [
        {
          "current_key": "AIzaSyD_Qxnj1e99L3UvqZolYhsGJmAp8XbfTt0"
        }
      ],
      "services": {
        "analytics_service": {
          "status": 1
        },
        "appinvite_service": {
          "status": 2,
          "other_platform_oauth_client": [
            {
              "client_id": "132868082382-be5qqg4qed0jmne55fa9gmlgemvvf2dp.apps.googleusercontent.com",
              "client_type": 3
            }
          ]
        },
        "ads_service": {
          "status": 2
        }
      }
    }
  ],
  "configuration_version": "1"
}